timestamp,pyth_price,dex_price,price_vs_sma,momentum,volatility,liquidity,spread,trend,label
0,120.0,120.5,134,156,14,43,130,0,0
1,120.0,120.5,108,147,33,49,134,170,1
2,120.0,120.5,124,113,46,40,121,85,-1
3,120.0,120.5,140,149,34,46,131,170,1
4,120.0,120.5,121,150,48,50,125,0,-1
5,120.0,120.5,129,104,28,46,122,170,1
6,120.0,120.5,134,116,37,40,121,0,-1
7,120.0,120.5,109,114,7,40,127,170,0
8,120.0,120.5,112,141,12,48,134,85,0
9,120.0,120.5,125,151,8,42,122,170,1
10,120.0,120.5,142,123,45,43,124,85,0
11,120.0,120.5,124,143,14,46,127,0,-1
12,120.0,120.5,133,132,33,40,124,0,-1
13,120.0,120.5,145,105,24,44,133,170,1
14,120.0,120.5,107,153,4,42,128,85,0
15,120.0,120.5,120,137,22,45,126,170,1
16,120.0,120.5,151,151,40,42,123,0,0
17,120.0,120.5,121,122,4,42,132,170,1
18,120.0,120.5,114,129,3,41,135,170,1
19,120.0,120.5,120,134,4,44,134,0,-1
20,120.0,120.5,124,153,1,42,133,85,1
21,120.0,120.5,128,141,5,41,123,170,1
22,120.0,120.5,150,152,5,47,135,170,1
23,120.0,120.5,149,109,35,40,123,0,-1
24,120.0,120.5,148,151,8,44,131,170,1
25,120.0,120.5,124,101,10,47,136,0,-1
26,120.0,120.5,146,112,49,45,129,0,-1
27,120.0,120.5,146,145,14,47,132,85,1
28,120.0,120.5,130,114,7,40,135,0,-1
29,120.0,120.5,151,141,37,50,125,170,1
30,120.0,120.5,105,100,42,42,136,0,-1
31,120.0,120.5,110,131,4,45,128,85,-1
32,120.0,120.5,118,145,11,48,120,85,0
33,120.0,120.5,145,115,15,45,130,170,1
34,120.0,120.5,156,115,33,48,136,0,-1
35,120.0,120.5,118,126,30,40,131,170,1
36,120.0,120.5,139,135,43,46,130,170,1
37,120.0,120.5,145,116,43,46,128,170,1
38,120.0,120.5,131,156,31,42,131,85,1
39,120.0,120.5,113,154,29,46,128,170,1
40,120.0,120.5,109,117,42,41,126,85,-1
41,120.0,120.5,117,108,37,42,121,85,-1
42,120.0,120.5,145,146,35,45,129,85,1
43,120.0,120.5,130,120,48,42,127,0,-1
44,120.0,120.5,117,119,9,49,136,85,-1
45,120.0,120.5,143,104,43,42,133,0,-1
46,120.0,120.5,106,156,11,40,136,0,-1
47,120.0,120.5,112,129,30,48,134,85,-1
48,120.0,120.5,129,107,40,44,120,85,-1
49,120.0,120.5,129,155,21,47,126,85,1
50,120.0,120.5,126,101,38,47,132,85,-1
51,120.0,120.5,131,153,3,50,121,0,-1
52,120.0,120.5,156,151,33,44,124,170,1
53,120.0,120.5,143,129,17,50,126,85,1
54,120.0,120.5,132,137,33,49,123,85,1
55,120.0,120.5,121,119,10,46,124,170,1
56,120.0,120.5,132,125,33,50,131,0,-1
57,120.0,120.5,119,135,28,50,124,0,-1
58,120.0,120.5,126,133,5,50,125,170,1
59,120.0,120.5,124,149,18,45,135,0,-1
60,120.0,120.5,136,121,45,45,124,85,0
61,120.0,120.5,144,135,9,48,123,170,1
62,120.0,120.5,102,119,4,49,125,85,-1
63,120.0,120.5,133,111,28,49,127,170,1
64,120.0,120.5,114,145,28,42,132,170,1
65,120.0,120.5,140,135,46,42,124,170,1
66,120.0,120.5,137,108,48,43,123,170,1
67,120.0,120.5,154,112,3,46,133,170,1
68,120.0,120.5,155,106,49,47,130,0,-1
69,120.0,120.5,102,132,2,40,135,85,-1
70,120.0,120.5,139,120,15,41,124,0,-1
71,120.0,120.5,152,145,40,46,131,170,1
72,120.0,120.5,127,109,18,42,121,85,-1
73,120.0,120.5,135,112,33,43,135,0,-1
74,120.0,120.5,156,142,2,42,128,0,0
75,120.0,120.5,115,130,30,43,132,85,-1
76,120.0,120.5,143,111,0,44,123,170,1
77,120.0,120.5,155,110,42,41,132,85,0
78,120.0,120.5,139,148,5,47,122,170,1
79,120.0,120.5,139,101,38,40,125,85,-1
80,120.0,120.5,115,104,45,47,129,85,-1
81,120.0,120.5,134,119,44,41,121,0,-1
82,120.0,120.5,114,115,8,48,133,85,-1
83,120.0,120.5,127,106,45,50,136,0,-1
84,120.0,120.5,129,144,47,49,134,0,-1
85,120.0,120.5,136,139,28,43,126,85,1
86,120.0,120.5,139,148,2,41,135,0,-1
87,120.0,120.5,153,152,29,41,130,85,1
88,120.0,120.5,117,117,16,48,136,170,1
89,120.0,120.5,138,109,23,47,129,0,-1
90,120.0,120.5,156,136,26,46,120,170,1
91,120.0,120.5,104,105,47,49,123,85,-1
92,120.0,120.5,151,101,5,49,136,170,1
93,120.0,120.5,110,144,20,46,133,0,-1
94,120.0,120.5,112,107,7,45,134,0,-1
95,120.0,120.5,125,103,1,40,125,0,-1
96,120.0,120.5,133,152,46,40,135,0,-1
97,120.0,120.5,144,123,42,40,126,170,1
98,120.0,120.5,107,150,19,46,122,0,-1
99,120.0,120.5,103,115,8,40,132,170,0
100,120.0,120.5,104,154,8,42,121,0,-1
101,120.0,120.5,129,106,29,40,123,170,1
102,120.0,120.5,120,117,5,49,125,170,1
103,120.0,120.5,144,126,36,45,128,170,1
104,120.0,120.5,152,119,44,41,122,170,1
105,120.0,120.5,143,130,45,50,120,170,1
106,120.0,120.5,147,145,35,50,122,0,0
107,120.0,120.5,126,125,1,49,128,0,-1
108,120.0,120.5,152,134,32,47,131,85,1
109,120.0,120.5,138,154,32,45,127,0,0
110,120.0,120.5,102,130,49,47,136,85,-1
111,120.0,120.5,120,124,3,46,129,0,-1
112,120.0,120.5,131,124,2,40,122,0,-1
113,120.0,120.5,117,148,24,43,128,0,-1
114,120.0,120.5,143,102,5,47,124,85,-1
115,120.0,120.5,143,103,4,41,124,170,1
116,120.0,120.5,117,133,8,50,122,0,-1
117,120.0,120.5,155,105,31,48,128,170,1
118,120.0,120.5,142,134,1,50,124,170,1
119,120.0,120.5,110,112,2,47,127,0,-1
120,120.0,120.5,117,148,41,41,126,0,-1
121,120.0,120.5,114,139,27,41,121,0,-1
122,120.0,120.5,138,128,30,43,121,0,-1
123,120.0,120.5,150,117,2,46,133,0,-1
124,120.0,120.5,148,121,7,43,131,170,1
125,120.0,120.5,117,100,33,45,128,0,-1
126,120.0,120.5,121,100,15,47,123,85,-1
127,120.0,120.5,140,151,3,50,136,0,0
128,120.0,120.5,112,144,40,44,136,0,-1
129,120.0,120.5,130,115,37,50,134,85,-1
130,120.0,120.5,148,103,24,48,128,170,1
131,120.0,120.5,136,149,32,45,120,85,1
132,120.0,120.5,115,124,36,48,134,170,1
133,120.0,120.5,140,111,13,45,132,0,-1
134,120.0,120.5,152,147,21,43,122,170,1
135,120.0,120.5,132,104,30,40,135,170,1
136,120.0,120.5,102,129,38,45,136,170,1
137,120.0,120.5,123,155,9,41,126,0,-1
138,120.0,120.5,109,121,46,40,120,170,1
139,120.0,120.5,116,138,26,46,124,85,0
140,120.0,120.5,137,143,39,49,136,170,1
141,120.0,120.5,140,117,2,42,123,170,1
142,120.0,120.5,149,117,5,49,122,170,1
143,120.0,120.5,118,102,10,48,129,170,0
144,120.0,120.5,156,145,15,43,122,85,1
145,120.0,120.5,103,153,16,41,134,170,1
146,120.0,120.5,126,122,15,45,126,85,0
147,120.0,120.5,106,118,20,49,125,0,-1
148,120.0,120.5,120,134,1,46,122,170,1
149,120.0,120.5,156,141,36,44,130,170,1
150,120.0,120.5,104,124,49,48,120,0,-1
151,120.0,120.5,119,103,40,41,134,85,-1
152,120.0,120.5,145,140,16,45,134,0,-1
153,120.0,120.5,100,106,34,46,130,0,-1
154,120.0,120.5,104,127,26,42,129,170,1
155,120.0,120.5,155,100,31,42,126,85,0
156,120.0,120.5,108,142,10,49,133,0,-1
157,120.0,120.5,109,102,2,48,128,85,-1
158,120.0,120.5,117,114,7,41,125,85,-1
159,120.0,120.5,155,127,3,49,126,0,-1
160,120.0,120.5,131,141,7,45,127,0,-1
161,120.0,120.5,134,133,44,49,129,0,-1
162,120.0,120.5,147,115,29,41,122,0,-1
163,120.0,120.5,120,138,2,43,124,0,-1
164,120.0,120.5,130,141,7,41,133,170,1
165,120.0,120.5,110,114,45,46,120,0,-1
166,120.0,120.5,144,108,14,45,122,85,0
167,120.0,120.5,110,142,36,42,124,0,-1
168,120.0,120.5,149,129,15,40,136,85,1
169,120.0,120.5,144,109,16,40,132,0,-1
170,120.0,120.5,121,106,19,45,130,85,-1
171,120.0,120.5,130,110,49,41,128,0,-1
172,120.0,120.5,114,115,23,47,134,170,1
173,120.0,120.5,111,135,48,49,123,85,0
174,120.0,120.5,109,131,41,49,125,0,-1
175,120.0,120.5,144,137,17,41,133,170,1
176,120.0,120.5,106,134,5,40,136,170,1
177,120.0,120.5,111,154,45,48,128,85,0
178,120.0,120.5,148,106,31,46,134,170,1
179,120.0,120.5,125,149,49,48,120,85,1
180,120.0,120.5,112,132,50,48,123,0,-1
181,120.0,120.5,131,118,6,42,125,0,-1
182,120.0,120.5,146,129,5,43,132,170,1
183,120.0,120.5,154,140,46,42,120,0,0
184,120.0,120.5,132,135,29,46,124,85,1
185,120.0,120.5,129,101,5,44,129,170,1
186,120.0,120.5,136,137,43,44,125,170,1
187,120.0,120.5,134,147,13,46,131,0,-1
188,120.0,120.5,100,156,16,41,134,0,-1
189,120.0,120.5,100,111,25,41,134,0,-1
190,120.0,120.5,143,149,33,48,120,170,1
191,120.0,120.5,149,137,21,48,123,170,1
192,120.0,120.5,145,107,5,44,121,170,1
193,120.0,120.5,119,105,21,45,135,0,-1
194,120.0,120.5,151,111,24,47,126,170,1
195,120.0,120.5,111,103,17,40,124,85,-1
196,120.0,120.5,147,150,46,44,120,0,0
197,120.0,120.5,101,126,44,49,125,0,-1
198,120.0,120.5,137,110,40,44,131,85,0
199,120.0,120.5,109,134,40,49,127,0,-1
200,120.0,120.5,106,137,4,45,125,170,1
201,120.0,120.5,146,123,11,45,123,170,1
202,120.0,120.5,128,127,12,40,132,170,1
203,120.0,120.5,148,143,1,40,130,170,1
204,120.0,120.5,144,120,24,50,120,170,1
205,120.0,120.5,143,132,31,41,130,85,1
206,120.0,120.5,145,143,37,45,120,0,-1
207,120.0,120.5,155,130,32,47,125,0,-1
208,120.0,120.5,147,129,40,43,128,0,-1
209,120.0,120.5,117,106,36,46,120,0,-1
210,120.0,120.5,101,148,9,49,128,85,0
211,120.0,120.5,110,144,12,50,122,170,1
212,120.0,120.5,103,144,13,43,131,85,0
213,120.0,120.5,134,141,50,43,132,170,1
214,120.0,120.5,155,142,38,40,124,0,0
215,120.0,120.5,124,103,10,43,131,85,-1
216,120.0,120.5,121,142,39,43,125,170,1
217,120.0,120.5,110,112,47,45,131,85,-1
218,120.0,120.5,139,129,47,48,130,170,1
219,120.0,120.5,122,145,9,45,124,85,1
220,120.0,120.5,128,110,6,49,131,0,-1
221,120.0,120.5,110,152,6,42,130,0,-1
222,120.0,120.5,107,119,14,43,130,85,-1
223,120.0,120.5,122,139,23,44,124,0,-1
224,120.0,120.5,155,103,20,44,124,85,0
225,120.0,120.5,131,100,40,40,125,170,1
226,120.0,120.5,144,111,21,45,134,85,0
227,120.0,120.5,116,100,9,49,122,85,-1
228,120.0,120.5,139,101,26,43,136,0,-1
229,120.0,120.5,140,152,28,45,124,0,0
230,120.0,120.5,129,108,12,42,128,85,-1
231,120.0,120.5,147,104,11,45,133,85,0
232,120.0,120.5,152,116,36,46,122,170,1
233,120.0,120.5,100,120,29,48,134,0,-1
234,120.0,120.5,129,140,10,42,130,170,1
235,120.0,120.5,112,104,43,40,130,170,0
236,120.0,120.5,107,140,30,45,125,170,1
237,120.0,120.5,121,119,2,43,132,0,-1
238,120.0,120.5,146,129,4,49,131,85,1
239,120.0,120.5,109,101,50,40,127,0,-1
240,120.0,120.5,100,137,47,46,132,170,1
241,120.0,120.5,114,144,1,41,130,0,-1
242,120.0,120.5,106,145,40,43,126,0,-1
243,120.0,120.5,128,128,48,47,130,85,0
244,120.0,120.5,129,100,1,48,124,170,1
245,120.0,120.5,140,133,10,48,126,85,1
246,120.0,120.5,125,135,17,49,127,170,1
247,120.0,120.5,124,149,44,44,130,0,-1
248,120.0,120.5,118,133,48,45,132,170,1
249,120.0,120.5,111,125,33,45,135,85,-1
250,120.0,120.5,104,140,26,42,125,170,1
251,120.0,120.5,105,119,25,45,127,0,-1
252,120.0,120.5,136,124,26,42,124,0,-1
253,120.0,120.5,132,102,40,47,124,0,-1
254,120.0,120.5,115,120,33,40,128,170,1
255,120.0,120.5,146,108,49,42,135,170,1
256,120.0,120.5,132,113,36,40,126,170,1
257,120.0,120.5,114,105,49,44,133,170,0
258,120.0,120.5,134,116,1,49,122,0,-1
259,120.0,120.5,132,146,11,50,125,0,-1
260,120.0,120.5,118,131,11,42,131,170,1
261,120.0,120.5,125,115,27,46,131,0,-1
262,120.0,120.5,103,132,44,40,125,85,-1
263,120.0,120.5,114,113,15,44,134,85,-1
264,120.0,120.5,123,149,15,43,122,85,1
265,120.0,120.5,112,109,14,50,134,85,-1
266,120.0,120.5,122,143,11,43,132,170,1
267,120.0,120.5,132,152,28,41,125,0,-1
268,120.0,120.5,100,140,12,48,120,170,1
269,120.0,120.5,115,133,17,45,128,0,-1
270,120.0,120.5,118,154,22,43,131,170,1
271,120.0,120.5,130,139,7,48,130,85,1
272,120.0,120.5,108,131,31,40,129,170,1
273,120.0,120.5,134,130,13,43,129,0,-1
274,120.0,120.5,141,143,48,45,131,85,1
275,120.0,120.5,146,148,29,40,121,0,0
276,120.0,120.5,137,115,41,42,130,85,0
277,120.0,120.5,130,106,8,43,133,85,-1
278,120.0,120.5,143,116,19,46,130,85,0
279,120.0,120.5,100,113,50,46,121,85,-1
280,120.0,120.5,121,152,22,44,133,0,-1
281,120.0,120.5,134,105,26,40,127,170,1
282,120.0,120.5,121,133,8,43,131,0,-1
283,120.0,120.5,119,140,3,46,126,0,-1
284,120.0,120.5,106,105,8,47,130,170,0
285,120.0,120.5,101,109,16,43,121,85,-1
286,120.0,120.5,124,155,35,45,132,0,-1
287,120.0,120.5,113,136,8,46,130,170,1
288,120.0,120.5,111,156,50,40,121,0,-1
289,120.0,120.5,111,131,38,45,136,0,-1
290,120.0,120.5,112,147,7,42,131,170,1
291,120.0,120.5,147,107,5,42,124,85,0
292,120.0,120.5,155,102,26,42,129,170,1
293,120.0,120.5,145,140,50,43,127,85,1
294,120.0,120.5,148,141,47,45,123,85,1
295,120.0,120.5,131,118,34,41,123,0,-1
296,120.0,120.5,104,128,37,44,130,85,-1
297,120.0,120.5,123,113,40,46,136,0,-1
298,120.0,120.5,124,129,23,50,125,0,-1
299,120.0,120.5,107,106,33,48,128,170,0
300,120.0,120.5,106,146,31,40,122,170,1
301,120.0,120.5,114,131,39,43,121,0,-1
302,120.0,120.5,141,150,1,47,122,170,1
303,120.0,120.5,140,153,2,48,127,170,1
304,120.0,120.5,144,119,6,41,122,170,1
305,120.0,120.5,133,139,33,45,121,85,1
306,120.0,120.5,115,144,9,40,136,170,1
307,120.0,120.5,132,144,1,45,132,0,-1
308,120.0,120.5,135,109,37,49,123,85,-1
309,120.0,120.5,135,101,45,44,128,0,-1
310,120.0,120.5,150,145,15,48,136,85,1
311,120.0,120.5,129,116,9,48,120,170,1
312,120.0,120.5,120,106,21,41,130,170,1
313,120.0,120.5,130,123,14,49,121,170,1
314,120.0,120.5,131,107,49,43,125,85,-1
315,120.0,120.5,100,122,3,41,126,85,-1
316,120.0,120.5,116,126,15,43,123,0,-1
317,120.0,120.5,156,122,12,47,121,85,1
318,120.0,120.5,154,151,11,40,129,85,1
319,120.0,120.5,112,132,25,42,129,85,-1
320,120.0,120.5,131,111,47,42,129,0,-1
321,120.0,120.5,132,119,7,50,122,170,1
322,120.0,120.5,154,105,44,50,120,170,1
323,120.0,120.5,116,117,25,47,134,85,-1
324,120.0,120.5,103,112,11,43,135,85,-1
325,120.0,120.5,149,140,6,45,125,170,1
326,120.0,120.5,154,117,34,41,132,85,1
327,120.0,120.5,146,135,12,43,132,170,1
328,120.0,120.5,149,125,19,44,134,0,-1
329,120.0,120.5,129,154,41,40,124,0,-1
330,120.0,120.5,138,105,29,42,125,170,1
331,120.0,120.5,116,102,28,47,129,0,-1
332,120.0,120.5,152,129,27,48,126,170,1
333,120.0,120.5,113,127,19,48,130,170,1
334,120.0,120.5,150,143,32,42,122,85,1
335,120.0,120.5,113,106,43,41,133,170,0
336,120.0,120.5,151,115,14,42,127,0,-1
337,120.0,120.5,154,149,14,40,125,170,1
338,120.0,120.5,132,102,22,42,128,170,1
339,120.0,120.5,110,107,5,49,125,170,0
340,120.0,120.5,142,130,42,45,124,85,1
341,120.0,120.5,131,151,18,47,130,85,1
342,120.0,120.5,153,136,33,50,124,85,1
343,120.0,120.5,153,146,35,48,133,85,1
344,120.0,120.5,113,146,34,50,131,85,0
345,120.0,120.5,113,105,32,48,133,170,0
346,120.0,120.5,117,103,10,46,133,170,0
347,120.0,120.5,106,115,7,48,126,0,-1
348,120.0,120.5,128,133,31,46,129,0,-1
349,120.0,120.5,131,155,50,48,134,85,1
350,120.0,120.5,146,143,29,45,131,85,1
351,120.0,120.5,126,116,14,45,122,0,-1
352,120.0,120.5,146,156,44,41,131,170,1
353,120.0,120.5,127,130,37,43,135,170,1
354,120.0,120.5,129,100,8,45,131,85,-1
355,120.0,120.5,114,116,35,49,124,170,1
356,120.0,120.5,102,106,11,44,134,170,0
357,120.0,120.5,138,135,47,50,134,0,-1
358,120.0,120.5,138,135,46,42,135,85,1
359,120.0,120.5,122,154,0,41,136,0,-1
360,120.0,120.5,127,138,50,45,132,85,0
361,120.0,120.5,146,127,16,43,123,0,-1
362,120.0,120.5,108,124,23,45,121,0,-1
363,120.0,120.5,128,127,12,49,134,0,-1
364,120.0,120.5,102,119,32,41,132,85,-1
365,120.0,120.5,124,126,27,42,132,85,0
366,120.0,120.5,111,134,35,46,121,0,-1
367,120.0,120.5,121,154,26,44,121,85,1
368,120.0,120.5,156,154,3,43,135,170,1
369,120.0,120.5,124,138,22,41,124,0,-1
370,120.0,120.5,147,111,44,48,126,0,-1
371,120.0,120.5,129,109,25,48,123,170,1
372,120.0,120.5,130,153,46,46,135,170,1
373,120.0,120.5,113,138,21,50,121,170,1
374,120.0,120.5,148,125,49,44,134,170,1
375,120.0,120.5,154,152,42,50,131,170,1
376,120.0,120.5,112,131,29,41,121,0,-1
377,120.0,120.5,105,102,21,47,126,170,0
378,120.0,120.5,120,107,11,49,123,170,1
379,120.0,120.5,116,155,7,44,131,85,1
380,120.0,120.5,100,116,31,49,132,0,-1
381,120.0,120.5,151,111,27,50,134,170,1
382,120.0,120.5,150,125,19,42,121,170,1
383,120.0,120.5,142,109,33,40,131,85,0
384,120.0,120.5,123,106,13,41,128,0,-1
385,120.0,120.5,135,130,36,45,133,0,-1
386,120.0,120.5,148,107,22,42,128,170,1
387,120.0,120.5,156,121,15,44,135,170,1
388,120.0,120.5,136,125,28,44,121,85,0
389,120.0,120.5,120,130,33,42,132,0,-1
390,120.0,120.5,110,101,13,43,132,85,-1
391,120.0,120.5,110,151,9,44,136,0,-1
392,120.0,120.5,117,112,41,45,120,85,-1
393,120.0,120.5,131,139,11,44,121,85,1
394,120.0,120.5,150,155,40,47,126,85,1
395,120.0,120.5,127,150,12,41,128,170,1
396,120.0,120.5,145,109,50,46,136,85,0
397,120.0,120.5,111,150,41,41,135,85,0
398,120.0,120.5,120,113,12,42,120,170,1
399,120.0,120.5,103,116,17,41,132,0,-1
400,120.0,120.5,145,138,0,47,121,0,-1
401,120.0,120.5,111,137,13,48,133,0,-1
402,120.0,120.5,147,140,47,47,125,0,-1
403,120.0,120.5,151,141,11,43,125,170,1
404,120.0,120.5,118,140,4,42,131,85,0
405,120.0,120.5,114,111,45,42,123,85,-1
406,120.0,120.5,144,153,20,48,133,0,0
407,120.0,120.5,108,136,14,50,120,85,-1
408,120.0,120.5,145,128,31,47,128,85,1
409,120.0,120.5,107,103,3,46,133,85,-1
410,120.0,120.5,145,109,26,49,127,170,1
411,120.0,120.5,148,114,12,45,121,85,0
412,120.0,120.5,154,100,15,43,121,0,-1
413,120.0,120.5,154,145,46,45,125,85,1
414,120.0,120.5,116,115,47,43,129,170,1
415,120.0,120.5,155,120,8,42,121,170,1
416,120.0,120.5,127,106,26,43,135,170,1
417,120.0,120.5,149,156,16,43,128,0,0
418,120.0,120.5,102,117,35,44,136,0,-1
419,120.0,120.5,106,124,10,49,124,85,-1
420,120.0,120.5,112,147,39,45,136,0,-1
421,120.0,120.5,108,116,20,40,120,0,-1
422,120.0,120.5,148,134,48,47,133,170,1
423,120.0,120.5,143,106,23,40,131,170,1
424,120.0,120.5,144,148,16,40,126,85,1
425,120.0,120.5,121,145,42,45,132,0,-1
426,120.0,120.5,128,138,13,49,132,170,1
427,120.0,120.5,140,115,12,47,134,85,0
428,120.0,120.5,141,156,38,48,123,170,1
429,120.0,120.5,153,107,35,48,130,0,-1
430,120.0,120.5,131,124,27,50,126,85,0
431,120.0,120.5,137,110,3,44,122,170,1
432,120.0,120.5,123,133,24,40,131,170,1
433,120.0,120.5,111,129,45,43,126,170,1
434,120.0,120.5,111,128,29,40,124,170,1
435,120.0,120.5,116,120,37,48,130,85,-1
436,120.0,120.5,139,146,43,40,135,0,-1
437,120.0,120.5,143,121,4,47,121,0,-1
438,120.0,120.5,116,115,2,43,129,0,-1
439,120.0,120.5,140,108,48,44,136,85,0
440,120.0,120.5,116,108,24,48,125,0,-1
441,120.0,120.5,124,155,47,43,127,170,1
442,120.0,120.5,104,141,4,40,133,0,-1
443,120.0,120.5,102,143,39,46,128,0,-1
444,120.0,120.5,118,134,8,41,134,170,1
445,120.0,120.5,125,135,31,46,133,0,-1
446,120.0,120.5,109,115,23,46,127,170,1
447,120.0,120.5,126,139,36,50,136,85,0
448,120.0,120.5,141,110,12,46,129,85,0
449,120.0,120.5,137,113,30,49,122,85,0
450,120.0,120.5,118,156,11,46,131,170,1
451,120.0,120.5,102,128,10,46,120,0,-1
452,120.0,120.5,135,145,13,48,121,0,-1
453,120.0,120.5,129,151,29,44,124,0,-1
454,120.0,120.5,122,135,27,50,123,0,-1
455,120.0,120.5,142,150,12,46,127,170,1
456,120.0,120.5,122,133,2,50,131,85,0
457,120.0,120.5,104,148,38,42,123,0,-1
458,120.0,120.5,115,122,6,50,135,0,-1
459,120.0,120.5,108,143,50,47,130,0,-1
460,120.0,120.5,133,134,29,41,136,85,1
461,120.0,120.5,107,155,21,49,131,170,1
462,120.0,120.5,128,118,22,46,136,85,0
463,120.0,120.5,141,119,7,50,128,85,0
464,120.0,120.5,100,113,29,41,121,85,-1
465,120.0,120.5,113,113,26,46,123,85,-1
466,120.0,120.5,117,127,1,41,132,170,1
467,120.0,120.5,118,146,30,43,123,0,-1
468,120.0,120.5,149,147,10,41,120,85,1
469,120.0,120.5,100,110,20,42,131,170,0
470,120.0,120.5,147,115,26,42,126,170,1
471,120.0,120.5,126,137,3,49,126,0,-1
472,120.0,120.5,140,142,41,46,130,85,1
473,120.0,120.5,138,119,25,50,133,170,1
474,120.0,120.5,101,130,48,40,136,85,-1
475,120.0,120.5,116,104,36,40,120,85,-1
476,120.0,120.5,155,120,3,50,129,85,1
477,120.0,120.5,112,155,42,49,120,85,1
478,120.0,120.5,104,106,11,47,131,85,-1
479,120.0,120.5,155,149,32,45,132,170,1
480,120.0,120.5,140,136,33,47,124,0,-1
481,120.0,120.5,146,130,19,46,124,0,-1
482,120.0,120.5,130,155,3,44,127,0,-1
483,120.0,120.5,123,103,27,40,120,85,-1
484,120.0,120.5,149,131,26,42,121,170,1
485,120.0,120.5,127,101,9,48,132,170,1
486,120.0,120.5,151,146,23,43,120,0,0
487,120.0,120.5,142,127,12,44,133,170,1
488,120.0,120.5,115,135,49,41,129,0,-1
489,120.0,120.5,151,134,15,43,122,0,-1
490,120.0,120.5,111,125,47,40,122,170,1
491,120.0,120.5,143,111,36,45,123,170,1
492,120.0,120.5,136,133,11,43,129,170,1
493,120.0,120.5,137,134,50,40,121,170,1
494,120.0,120.5,146,144,19,42,133,170,1
495,120.0,120.5,152,125,0,47,121,170,1
496,120.0,120.5,101,101,50,49,133,0,-1
497,120.0,120.5,132,137,40,47,120,170,1
498,120.0,120.5,117,141,2,40,121,170,1
499,120.0,120.5,130,114,44,48,130,85,-1
500,120.0,120.5,149,110,3,47,124,0,-1
501,120.0,120.5,118,156,30,42,124,0,-1
502,120.0,120.5,116,144,48,46,134,85,0
503,120.0,120.5,136,118,49,47,127,0,-1
504,120.0,120.5,155,102,28,49,135,85,0
505,120.0,120.5,126,123,9,42,127,85,0
506,120.0,120.5,126,145,45,50,130,85,1
507,120.0,120.5,136,113,43,48,135,0,-1
508,120.0,120.5,129,132,41,47,124,0,-1
509,120.0,120.5,152,125,10,42,127,0,-1
510,120.0,120.5,119,153,24,46,136,170,1
511,120.0,120.5,149,153,9,49,128,85,1
512,120.0,120.5,138,136,19,42,125,85,1
513,120.0,120.5,110,111,41,41,122,85,-1
514,120.0,120.5,118,142,12,41,127,85,0
515,120.0,120.5,117,131,20,45,120,85,0
516,120.0,120.5,141,130,44,46,127,0,-1
517,120.0,120.5,148,123,38,47,131,170,1
518,120.0,120.5,125,125,50,42,132,85,0
519,120.0,120.5,142,151,12,45,121,0,0
520,120.0,120.5,154,117,7,49,125,85,1
521,120.0,120.5,141,141,42,43,126,0,-1
522,120.0,120.5,145,154,37,41,136,0,0
523,120.0,120.5,126,105,1,42,135,0,-1
524,120.0,120.5,144,132,46,41,134,170,1
525,120.0,120.5,135,102,24,45,121,85,-1
526,120.0,120.5,117,150,7,41,135,0,-1
527,120.0,120.5,150,107,31,49,120,85,0
528,120.0,120.5,105,112,0,47,133,85,-1
529,120.0,120.5,150,123,36,41,135,170,1
530,120.0,120.5,132,155,1,44,125,85,1
531,120.0,120.5,101,122,30,40,129,85,-1
532,120.0,120.5,121,149,41,50,133,170,1
533,120.0,120.5,113,129,28,47,132,170,1
534,120.0,120.5,117,108,13,44,121,85,-1
535,120.0,120.5,121,101,4,40,127,85,-1
536,120.0,120.5,136,101,31,41,125,170,1
537,120.0,120.5,111,142,32,40,127,85,0
538,120.0,120.5,146,156,37,46,131,170,1
539,120.0,120.5,119,136,39,45,125,0,-1
540,120.0,120.5,121,106,10,44,122,170,1
541,120.0,120.5,141,156,1,48,132,170,1
542,120.0,120.5,128,129,46,43,125,170,1
543,120.0,120.5,126,149,14,43,127,0,-1
544,120.0,120.5,134,100,4,47,133,170,1
545,120.0,120.5,127,141,0,41,131,0,-1
546,120.0,120.5,152,138,46,46,126,85,1
547,120.0,120.5,125,135,40,41,121,85,0
548,120.0,120.5,104,104,0,43,122,85,-1
549,120.0,120.5,115,156,38,50,125,85,1
550,120.0,120.5,123,117,15,44,127,0,-1
551,120.0,120.5,135,118,26,48,120,0,-1
552,120.0,120.5,148,115,49,43,130,170,1
553,120.0,120.5,155,142,48,43,124,85,1
554,120.0,120.5,144,131,7,44,132,170,1
555,120.0,120.5,138,107,2,49,135,0,-1
556,120.0,120.5,128,154,5,41,122,170,1
557,120.0,120.5,130,152,25,44,134,170,1
558,120.0,120.5,105,101,5,48,136,0,-1
559,120.0,120.5,131,118,30,50,132,0,-1
560,120.0,120.5,110,111,46,49,131,0,-1
561,120.0,120.5,102,122,6,42,128,170,1
562,120.0,120.5,113,122,2,40,136,0,-1
563,120.0,120.5,113,108,39,47,123,85,-1
564,120.0,120.5,139,150,6,42,132,85,1
565,120.0,120.5,137,129,4,40,131,0,-1
566,120.0,120.5,105,135,11,49,122,85,-1
567,120.0,120.5,133,125,31,49,124,0,-1
568,120.0,120.5,120,140,29,44,120,170,1
569,120.0,120.5,154,110,50,49,128,85,0
570,120.0,120.5,114,108,19,50,128,170,0
571,120.0,120.5,124,121,50,47,126,170,1
572,120.0,120.5,108,124,5,45,125,170,1
573,120.0,120.5,126,142,40,44,131,85,1
574,120.0,120.5,101,113,7,40,130,0,-1
575,120.0,120.5,128,126,38,45,127,85,0
576,120.0,120.5,107,153,42,48,120,0,-1
577,120.0,120.5,148,145,2,43,134,85,1
578,120.0,120.5,134,146,38,47,129,170,1
579,120.0,120.5,152,125,15,41,133,0,-1
580,120.0,120.5,120,121,40,44,136,85,-1
581,120.0,120.5,145,118,36,48,129,85,0
582,120.0,120.5,138,133,31,42,129,0,-1
583,120.0,120.5,126,149,4,46,129,0,-1
584,120.0,120.5,151,150,41,44,127,170,1
585,120.0,120.5,140,112,8,41,130,170,1
586,120.0,120.5,121,129,7,44,128,0,-1
587,120.0,120.5,128,103,1,41,135,85,-1
588,120.0,120.5,125,131,45,47,132,170,1
589,120.0,120.5,140,131,30,45,127,170,1
590,120.0,120.5,146,123,48,47,120,170,1
591,120.0,120.5,105,127,10,41,122,85,-1
592,120.0,120.5,152,118,35,47,135,85,1
593,120.0,120.5,104,101,19,40,131,0,-1
594,120.0,120.5,134,147,18,40,132,0,-1
595,120.0,120.5,153,149,42,45,130,0,0
596,120.0,120.5,117,127,23,45,120,0,-1
597,120.0,120.5,155,104,22,42,130,170,1
598,120.0,120.5,148,123,21,41,120,85,1
599,120.0,120.5,103,100,44,50,131,170,-1
600,120.0,120.5,107,139,27,40,132,170,1
601,120.0,120.5,142,105,8,40,133,85,0
602,120.0,120.5,115,119,29,41,136,0,-1
603,120.0,120.5,121,139,39,42,120,0,-1
604,120.0,120.5,128,124,35,42,135,0,-1
605,120.0,120.5,132,148,21,44,131,0,-1
606,120.0,120.5,143,130,30,50,123,85,1
607,120.0,120.5,114,139,19,43,124,0,-1
608,120.0,120.5,134,130,28,40,135,0,-1
609,120.0,120.5,142,103,37,47,135,0,-1
610,120.0,120.5,129,129,30,46,125,85,0
611,120.0,120.5,154,123,7,44,133,170,1
612,120.0,120.5,151,142,20,42,120,0,0
613,120.0,120.5,126,116,21,44,127,170,1
614,120.0,120.5,114,100,14,41,133,0,-1
615,120.0,120.5,140,145,36,40,127,170,1
616,120.0,120.5,133,103,46,43,135,0,-1
617,120.0,120.5,129,109,33,50,124,170,1
618,120.0,120.5,149,111,27,47,132,85,0
619,120.0,120.5,143,108,24,48,136,0,-1
620,120.0,120.5,126,119,39,50,127,170,1
621,120.0,120.5,134,133,32,45,132,0,-1
622,120.0,120.5,153,152,25,41,132,85,1
623,120.0,120.5,146,130,8,44,135,0,-1
624,120.0,120.5,106,151,42,47,125,170,1
625,120.0,120.5,150,137,17,43,130,170,1
626,120.0,120.5,138,136,44,50,124,170,1
627,120.0,120.5,137,140,7,43,135,170,1
628,120.0,120.5,109,141,49,46,129,0,-1
629,120.0,120.5,110,138,49,49,122,170,1
630,120.0,120.5,132,121,10,50,131,170,1
631,120.0,120.5,131,148,7,43,128,0,-1
632,120.0,120.5,108,130,27,40,132,0,-1
633,120.0,120.5,105,138,7,47,121,170,1
634,120.0,120.5,114,123,40,46,135,170,1
635,120.0,120.5,111,103,46,41,126,85,-1
636,120.0,120.5,155,151,32,40,124,170,1
637,120.0,120.5,145,154,34,44,129,170,1
638,120.0,120.5,116,108,11,46,120,0,-1
639,120.0,120.5,134,142,35,44,122,170,1
640,120.0,120.5,128,140,48,46,127,0,-1
641,120.0,120.5,153,107,45,40,135,170,1
642,120.0,120.5,128,140,48,42,128,170,1
643,120.0,120.5,118,119,35,40,133,0,-1
644,120.0,120.5,127,154,15,46,123,170,1
645,120.0,120.5,142,101,36,44,129,85,-1
646,120.0,120.5,110,103,11,46,135,0,-1
647,120.0,120.5,131,155,21,48,128,170,1
648,120.0,120.5,156,149,38,48,131,0,0
649,120.0,120.5,139,149,24,41,120,170,1
650,120.0,120.5,133,141,0,43,126,170,1
651,120.0,120.5,152,154,4,41,136,170,1
652,120.0,120.5,150,121,45,41,120,85,1
653,120.0,120.5,131,119,14,47,133,170,1
654,120.0,120.5,141,143,25,50,135,0,-1
655,120.0,120.5,155,140,33,49,120,0,0
656,120.0,120.5,124,109,21,44,123,85,-1
657,120.0,120.5,131,102,43,47,122,170,1
658,120.0,120.5,121,123,21,43,127,85,-1
659,120.0,120.5,136,147,45,49,129,85,1
660,120.0,120.5,123,146,34,41,131,0,-1
661,120.0,120.5,156,149,27,44,136,170,1
662,120.0,120.5,148,141,46,42,136,85,1
663,120.0,120.5,100,154,36,42,131,170,1
664,120.0,120.5,141,146,3,46,127,0,-1
665,120.0,120.5,112,137,48,50,127,170,1
666,120.0,120.5,124,138,39,45,127,0,-1
667,120.0,120.5,126,123,21,47,123,85,0
668,120.0,120.5,154,132,42,46,124,0,-1
669,120.0,120.5,126,103,19,49,127,85,-1
670,120.0,120.5,105,126,27,42,127,0,-1
671,120.0,120.5,110,100,34,43,136,85,-1
672,120.0,120.5,127,139,21,48,124,170,1
673,120.0,120.5,132,141,12,48,126,0,-1
674,120.0,120.5,144,110,29,46,125,0,-1
675,120.0,120.5,115,149,15,46,128,0,-1
676,120.0,120.5,126,132,45,43,122,0,-1
677,120.0,120.5,112,134,11,48,136,170,1
678,120.0,120.5,122,126,3,42,133,85,0
679,120.0,120.5,106,107,22,41,132,170,0
680,120.0,120.5,150,121,7,43,133,0,-1
681,120.0,120.5,127,123,41,47,136,85,0
682,120.0,120.5,141,146,43,48,128,170,1
683,120.0,120.5,127,101,43,42,134,85,-1
684,120.0,120.5,111,120,17,42,132,170,1
685,120.0,120.5,138,126,31,45,121,85,0
686,120.0,120.5,103,112,48,44,131,170,0
687,120.0,120.5,124,146,16,44,133,170,1
688,120.0,120.5,137,140,23,40,127,85,1
689,120.0,120.5,153,117,30,48,124,0,-1
690,120.0,120.5,120,144,31,49,124,170,1
691,120.0,120.5,115,155,32,50,131,85,1
692,120.0,120.5,110,112,46,40,123,170,0
693,120.0,120.5,118,141,3,48,120,85,0
694,120.0,120.5,140,141,18,41,129,0,-1
695,120.0,120.5,136,124,9,48,121,170,1
696,120.0,120.5,137,156,41,41,132,170,1
697,120.0,120.5,118,149,7,42,133,170,1
698,120.0,120.5,116,117,12,50,124,85,-1
699,120.0,120.5,125,112,27,49,128,170,1
700,120.0,120.5,140,126,7,47,132,0,-1
701,120.0,120.5,104,136,7,47,125,170,1
702,120.0,120.5,147,107,30,48,127,0,-1
703,120.0,120.5,104,141,19,40,133,0,-1
704,120.0,120.5,125,120,34,43,127,0,-1
705,120.0,120.5,114,125,11,48,125,0,-1
706,120.0,120.5,147,107,34,44,120,0,-1
707,120.0,120.5,100,108,39,48,134,85,-1
708,120.0,120.5,116,103,33,49,123,0,-1
709,120.0,120.5,124,143,3,42,135,85,1
710,120.0,120.5,116,108,13,48,125,85,-1
711,120.0,120.5,116,153,41,44,131,85,1
712,120.0,120.5,150,142,15,46,134,170,1
713,120.0,120.5,111,149,30,48,135,170,1
714,120.0,120.5,132,113,22,50,122,170,1
715,120.0,120.5,112,111,31,45,125,170,0
716,120.0,120.5,138,148,0,44,132,85,1
717,120.0,120.5,146,117,29,43,136,85,0
718,120.0,120.5,135,127,49,42,133,170,1
719,120.0,120.5,130,138,50,42,130,85,1
720,120.0,120.5,142,151,7,50,123,170,1
721,120.0,120.5,134,139,17,41,128,85,1
722,120.0,120.5,125,102,49,46,121,170,1
723,120.0,120.5,108,113,42,47,132,0,-1
724,120.0,120.5,140,129,1,47,134,0,-1
725,120.0,120.5,100,117,38,44,130,170,0
726,120.0,120.5,142,110,46,42,128,170,1
727,120.0,120.5,117,120,32,46,136,0,-1
728,120.0,120.5,154,127,3,41,133,0,-1
729,120.0,120.5,101,137,10,49,127,170,1
730,120.0,120.5,128,135,35,48,128,0,-1
731,120.0,120.5,153,128,23,46,121,170,1
732,120.0,120.5,156,149,31,42,134,0,0
733,120.0,120.5,154,110,41,49,126,85,0
734,120.0,120.5,126,145,30,49,124,0,-1
735,120.0,120.5,115,135,45,45,132,170,1
736,120.0,120.5,107,111,25,41,121,170,0
737,120.0,120.5,112,129,42,50,120,85,-1
738,120.0,120.5,107,118,48,45,136,0,-1
739,120.0,120.5,133,128,41,43,121,0,-1
740,120.0,120.5,135,134,42,40,121,170,1
741,120.0,120.5,105,118,28,47,121,170,0
742,120.0,120.5,111,109,46,43,124,85,-1
743,120.0,120.5,100,153,15,50,128,170,1
744,120.0,120.5,114,154,46,50,131,85,1
745,120.0,120.5,148,142,43,46,130,0,0
746,120.0,120.5,149,100,42,40,133,85,0
747,120.0,120.5,122,123,15,48,133,85,-1
748,120.0,120.5,122,128,20,41,126,0,-1
749,120.0,120.5,126,138,11,50,136,0,-1
750,120.0,120.5,153,136,43,48,123,0,0
751,120.0,120.5,112,146,24,46,126,0,-1
752,120.0,120.5,110,136,41,43,128,85,0
753,120.0,120.5,105,106,29,41,126,0,-1
754,120.0,120.5,122,110,50,48,134,85,-1
755,120.0,120.5,112,109,50,49,122,0,-1
756,120.0,120.5,126,155,23,50,124,170,1
757,120.0,120.5,129,102,43,44,120,85,-1
758,120.0,120.5,136,126,15,41,132,85,0
759,120.0,120.5,106,139,13,49,132,85,-1
760,120.0,120.5,132,141,19,46,131,0,-1
761,120.0,120.5,155,116,44,42,121,170,1
762,120.0,120.5,147,116,44,48,131,0,-1
763,120.0,120.5,123,113,47,47,131,0,-1
764,120.0,120.5,120,107,41,40,130,85,-1
765,120.0,120.5,108,120,33,47,122,0,-1
766,120.0,120.5,115,121,17,48,133,170,1
767,120.0,120.5,147,124,42,47,127,170,1
768,120.0,120.5,116,100,40,43,122,0,-1
769,120.0,120.5,137,132,41,50,122,0,-1
770,120.0,120.5,141,105,42,47,135,0,-1
771,120.0,120.5,125,120,33,44,135,0,-1
772,120.0,120.5,150,153,18,49,131,170,1
773,120.0,120.5,128,116,21,46,135,0,-1
774,120.0,120.5,100,153,29,47,131,0,-1
775,120.0,120.5,154,153,47,48,120,85,1
776,120.0,120.5,125,125,15,41,130,0,-1
777,120.0,120.5,111,107,43,49,131,0,-1
778,120.0,120.5,123,110,43,48,134,170,1
779,120.0,120.5,124,114,50,42,134,85,-1
780,120.0,120.5,156,155,27,47,136,170,1
781,120.0,120.5,125,149,33,47,132,0,-1
782,120.0,120.5,135,140,17,42,132,0,-1
783,120.0,120.5,107,126,38,40,135,0,-1
784,120.0,120.5,124,126,2,50,126,85,0
785,120.0,120.5,145,127,41,47,136,85,1
786,120.0,120.5,114,150,19,50,124,170,1
787,120.0,120.5,151,127,39,43,136,170,1
788,120.0,120.5,136,129,32,45,133,85,0
789,120.0,120.5,152,145,20,50,128,0,0
790,120.0,120.5,132,125,3,46,124,85,0
791,120.0,120.5,139,147,8,46,132,85,1
792,120.0,120.5,123,140,47,49,136,170,1
793,120.0,120.5,104,110,31,46,134,85,-1
794,120.0,120.5,130,134,29,43,126,0,-1
795,120.0,120.5,138,137,25,46,129,85,1
796,120.0,120.5,144,140,21,40,131,170,1
797,120.0,120.5,134,100,33,48,129,170,1
798,120.0,120.5,122,156,50,48,125,0,-1
799,120.0,120.5,140,118,35,43,127,170,1
800,120.0,120.5,142,154,38,45,128,0,0
801,120.0,120.5,106,136,19,48,134,85,-1
802,120.0,120.5,133,142,7,45,136,85,1
803,120.0,120.5,107,102,29,40,124,0,-1
804,120.0,120.5,137,129,17,46,131,170,1
805,120.0,120.5,109,108,26,46,128,85,-1
806,120.0,120.5,102,135,7,42,124,0,-1
807,120.0,120.5,154,149,0,49,135,170,1
808,120.0,120.5,122,135,31,47,124,170,1
809,120.0,120.5,118,148,16,44,129,0,-1
810,120.0,120.5,114,137,25,44,121,0,-1
811,120.0,120.5,150,124,47,50,133,85,1
812,120.0,120.5,127,117,30,41,123,85,-1
813,120.0,120.5,109,127,9,44,131,85,-1
814,120.0,120.5,101,132,22,41,120,0,-1
815,120.0,120.5,144,142,7,45,120,170,1
816,120.0,120.5,129,139,43,44,131,0,-1
817,120.0,120.5,155,100,35,50,129,0,-1
818,120.0,120.5,121,114,7,40,135,0,-1
819,120.0,120.5,119,126,22,46,131,85,-1
820,120.0,120.5,125,133,0,44,129,85,0
821,120.0,120.5,141,139,2,48,122,0,-1
822,120.0,120.5,113,150,29,49,130,85,0
823,120.0,120.5,120,141,23,44,125,85,0
824,120.0,120.5,156,140,14,42,134,170,1
825,120.0,120.5,129,107,24,44,134,85,-1
826,120.0,120.5,109,120,33,40,132,170,1
827,120.0,120.5,156,154,3,44,133,0,1
828,120.0,120.5,132,133,23,48,129,85,0
829,120.0,120.5,103,119,12,50,131,0,-1
830,120.0,120.5,138,103,45,42,128,0,-1
831,120.0,120.5,128,100,49,44,126,0,-1
832,120.0,120.5,103,149,1,42,124,0,-1
833,120.0,120.5,118,122,4,44,131,0,-1
834,120.0,120.5,135,138,14,48,123,170,1
835,120.0,120.5,106,147,38,46,124,0,-1
836,120.0,120.5,123,133,3,47,120,0,-1
837,120.0,120.5,151,150,15,48,120,0,0
838,120.0,120.5,132,128,13,50,133,170,1
839,120.0,120.5,118,124,45,41,128,0,-1
840,120.0,120.5,118,130,11,50,131,170,1
841,120.0,120.5,110,138,49,40,123,170,1
842,120.0,120.5,104,156,12,49,124,170,1
843,120.0,120.5,104,125,26,48,131,0,-1
844,120.0,120.5,107,110,6,46,129,170,0
845,120.0,120.5,135,124,33,44,134,0,-1
846,120.0,120.5,116,104,48,47,122,170,0
847,120.0,120.5,132,124,27,46,134,0,-1
848,120.0,120.5,136,155,6,50,135,170,1
849,120.0,120.5,119,117,47,40,124,85,-1
850,120.0,120.5,132,137,5,43,134,85,1
851,120.0,120.5,145,106,8,49,136,170,1
852,120.0,120.5,104,113,34,44,129,170,0
853,120.0,120.5,139,115,19,49,130,0,-1
854,120.0,120.5,109,129,6,43,134,0,-1
855,120.0,120.5,142,147,46,40,120,170,1
856,120.0,120.5,125,106,46,40,120,170,1
857,120.0,120.5,151,146,28,40,125,85,1
858,120.0,120.5,146,121,20,48,123,0,-1
859,120.0,120.5,118,123,37,49,133,170,1
860,120.0,120.5,129,137,9,44,124,0,-1
861,120.0,120.5,146,155,47,44,132,170,1
862,120.0,120.5,136,153,11,42,124,170,1
863,120.0,120.5,150,105,38,44,130,85,0
864,120.0,120.5,118,112,22,49,133,85,-1
865,120.0,120.5,153,121,4,43,128,0,-1
866,120.0,120.5,120,116,36,42,126,85,-1
867,120.0,120.5,109,124,13,43,122,0,-1
868,120.0,120.5,141,102,13,45,129,170,1
869,120.0,120.5,116,155,10,44,134,85,1
870,120.0,120.5,122,106,30,46,130,0,-1
871,120.0,120.5,128,126,30,43,132,170,1
872,120.0,120.5,127,115,41,41,120,85,-1
873,120.0,120.5,138,134,17,40,127,85,1
874,120.0,120.5,128,122,44,43,130,170,1
875,120.0,120.5,152,131,5,48,133,0,-1
876,120.0,120.5,104,102,36,46,136,0,-1
877,120.0,120.5,104,133,8,41,128,0,-1
878,120.0,120.5,106,105,12,47,134,85,-1
879,120.0,120.5,155,118,45,40,133,85,1
880,120.0,120.5,135,101,15,46,129,0,-1
881,120.0,120.5,131,134,46,46,127,85,0
882,120.0,120.5,123,101,21,42,124,0,-1
883,120.0,120.5,109,111,23,42,135,0,-1
884,120.0,120.5,108,126,36,48,134,0,-1
885,120.0,120.5,130,112,36,43,127,170,1
886,120.0,120.5,100,103,42,40,120,0,-1
887,120.0,120.5,135,131,20,41,136,170,1
888,120.0,120.5,106,109,49,48,134,0,-1
889,120.0,120.5,156,134,20,42,133,85,1
890,120.0,120.5,155,107,13,42,125,85,0
891,120.0,120.5,141,100,27,50,132,0,-1
892,120.0,120.5,150,154,2,47,121,0,0
893,120.0,120.5,103,120,3,43,136,85,-1
894,120.0,120.5,118,140,4,41,120,0,-1
895,120.0,120.5,146,106,33,43,121,0,-1
896,120.0,120.5,144,148,40,47,125,85,1
897,120.0,120.5,120,142,12,42,135,0,-1
898,120.0,120.5,101,136,6,46,126,170,1
899,120.0,120.5,106,122,15,44,122,85,-1
900,120.0,120.5,107,155,33,49,130,85,0
901,120.0,120.5,128,137,27,40,130,0,-1
902,120.0,120.5,140,140,0,48,135,85,1
903,120.0,120.5,101,111,14,50,121,85,-1
904,120.0,120.5,100,116,23,43,129,0,-1
905,120.0,120.5,101,119,13,44,134,0,-1
906,120.0,120.5,115,120,18,42,122,0,-1
907,120.0,120.5,115,152,15,46,127,85,1
908,120.0,120.5,156,103,44,44,123,170,1
909,120.0,120.5,127,141,8,42,126,170,1
910,120.0,120.5,103,104,17,43,121,0,-1
911,120.0,120.5,142,133,0,50,120,170,1
912,120.0,120.5,106,109,24,46,122,0,-1
913,120.0,120.5,139,154,11,50,124,85,1
914,120.0,120.5,126,150,28,46,120,85,1
915,120.0,120.5,115,117,8,42,122,170,1
916,120.0,120.5,149,127,36,46,131,0,-1
917,120.0,120.5,107,152,6,41,121,170,1
918,120.0,120.5,108,114,11,49,121,170,0
919,120.0,120.5,116,111,1,42,129,85,-1
920,120.0,120.5,148,143,49,48,131,0,0
921,120.0,120.5,111,127,14,41,134,170,1
922,120.0,120.5,124,149,35,46,127,170,1
923,120.0,120.5,135,155,14,42,125,170,1
924,120.0,120.5,131,138,49,41,131,170,1
925,120.0,120.5,147,152,31,50,126,170,1
926,120.0,120.5,139,135,43,41,132,0,-1
927,120.0,120.5,126,120,23,46,133,85,0
928,120.0,120.5,123,143,45,49,120,0,-1
929,120.0,120.5,156,124,4,47,123,0,-1
930,120.0,120.5,153,131,36,45,129,85,1
931,120.0,120.5,127,121,21,46,123,85,0
932,120.0,120.5,130,154,30,50,134,85,1
933,120.0,120.5,135,108,4,48,127,170,1
934,120.0,120.5,133,122,4,41,128,0,-1
935,120.0,120.5,110,150,44,42,130,0,-1
936,120.0,120.5,149,138,7,43,121,85,1
937,120.0,120.5,141,107,46,40,124,0,-1
938,120.0,120.5,106,129,14,41,130,0,-1
939,120.0,120.5,100,102,44,48,135,0,-1
940,120.0,120.5,137,107,31,50,130,85,-1
941,120.0,120.5,127,150,19,43,132,170,1
942,120.0,120.5,120,104,36,48,132,170,1
943,120.0,120.5,105,108,48,45,133,85,-1
944,120.0,120.5,103,107,7,43,136,170,0
945,120.0,120.5,125,151,2,42,120,170,1
946,120.0,120.5,120,110,37,48,122,85,-1
947,120.0,120.5,112,101,32,42,123,85,-1
948,120.0,120.5,156,148,41,44,131,170,1
949,120.0,120.5,120,150,15,41,134,0,-1
950,120.0,120.5,118,150,3,47,134,170,1
951,120.0,120.5,135,104,45,49,134,170,1
952,120.0,120.5,144,108,25,40,131,170,1
953,120.0,120.5,127,147,25,50,135,85,1
954,120.0,120.5,152,132,10,47,132,0,-1
955,120.0,120.5,123,139,9,43,131,0,-1
956,120.0,120.5,139,137,30,46,123,0,-1
957,120.0,120.5,153,155,25,46,122,85,1
958,120.0,120.5,134,135,37,40,124,0,-1
959,120.0,120.5,134,131,36,41,122,0,-1
960,120.0,120.5,148,100,10,45,136,0,-1
961,120.0,120.5,147,120,34,44,120,170,1
962,120.0,120.5,134,103,14,43,136,170,1
963,120.0,120.5,105,151,39,46,131,85,0
964,120.0,120.5,154,155,5,49,132,170,1
965,120.0,120.5,152,102,18,45,133,85,0
966,120.0,120.5,135,133,14,46,132,0,-1
967,120.0,120.5,153,149,44,43,127,85,1
968,120.0,120.5,126,139,3,40,123,85,0
969,120.0,120.5,124,111,29,43,124,170,1
970,120.0,120.5,144,107,44,42,134,170,1
971,120.0,120.5,150,100,46,49,130,170,1
972,120.0,120.5,113,119,0,42,129,0,-1
973,120.0,120.5,151,107,45,44,132,85,0
974,120.0,120.5,149,131,18,45,124,0,-1
975,120.0,120.5,137,136,34,43,121,170,1
976,120.0,120.5,155,131,25,43,125,170,1
977,120.0,120.5,129,155,11,43,121,0,-1
978,120.0,120.5,126,156,22,46,123,0,-1
979,120.0,120.5,102,112,24,44,128,170,0
980,120.0,120.5,128,138,29,40,128,85,0
981,120.0,120.5,154,128,23,50,122,0,-1
982,120.0,120.5,127,116,28,42,133,85,-1
983,120.0,120.5,124,133,29,44,130,85,0
984,120.0,120.5,114,155,38,47,122,0,-1
985,120.0,120.5,136,152,50,41,130,85,1
986,120.0,120.5,154,117,24,46,133,0,-1
987,120.0,120.5,155,117,43,43,134,85,1
988,120.0,120.5,147,121,20,50,120,0,-1
989,120.0,120.5,132,105,30,43,135,85,-1
990,120.0,120.5,111,102,22,48,133,85,-1
991,120.0,120.5,143,149,2,42,120,85,1
992,120.0,120.5,117,152,37,48,127,85,1
993,120.0,120.5,146,129,38,46,122,170,1
994,120.0,120.5,107,154,24,41,131,170,1
995,120.0,120.5,143,109,23,41,127,85,0
996,120.0,120.5,117,118,15,40,125,85,-1
997,120.0,120.5,122,122,23,43,134,85,-1
998,120.0,120.5,146,135,18,44,124,85,1
999,120.0,120.5,123,107,25,41,135,0,-1
